<?xml version = '1.0' encoding = 'UTF-8'?>
<FKIndexAssociation class="oracle.dbtools.crest.model.design.relational.FKIndexAssociation" directorySegmentName="seg_0" id="2254ECD3-49D1-976E-ED81-B308A97A1A9E" containerWithKeyObject="F8A5327D-0D89-D425-54FB-2BC8C98E1D1B" localFKIndex="6B06EA81-4451-F0F6-F40D-A517BE8257E5" name="Contact_Address_FK">
<createdBy>root</createdBy>
<createdTime>2019-06-03 23:21:55 UTC</createdTime>
<ownerDesignName>ExodiaMER</ownerDesignName>
<referredTableLongName>Address</referredTableLongName>
<deleteRule>NO ACTION</deleteRule>
<referredTableID>60CB0B11-73AB-5DFB-F599-B6C0A46D9FD7</referredTableID>
<keyObject>D24CE77B-1A2D-ECA2-A8CA-11199BC204B6</keyObject>
<referredKeyID>D24CE77B-1A2D-ECA2-A8CA-11199BC204B6</referredKeyID>
<mandatory>true</mandatory>
<refColNames>address_id</refColNames>
<transferable>true</transferable>
<rely>false</rely>
<columnDependencyConstraintGenerateInDDL>true</columnDependencyConstraintGenerateInDDL>
</FKIndexAssociation>