<?xml version = '1.0' encoding = 'UTF-8'?>
<FKIndexAssociation class="oracle.dbtools.crest.model.design.relational.FKIndexAssociation" directorySegmentName="seg_0" id="5EB9D30A-C5B4-6EFD-652E-9FB99A1DA261" containerWithKeyObject="3D5BC8A7-F06E-B8E3-1C09-5E03234433BE" localFKIndex="875BCF89-9432-6FC5-F927-2022C9ED059A" name="Product_Supplier_FK">
<createdBy>root</createdBy>
<createdTime>2019-06-04 00:35:56 UTC</createdTime>
<ownerDesignName>ExodiaMER</ownerDesignName>
<referredTableLongName>Supplier</referredTableLongName>
<deleteRule>NO ACTION</deleteRule>
<referredTableID>989F66EC-0A56-1825-1B1C-34E9AFDA71CE</referredTableID>
<keyObject>3085D36A-D418-5546-8B20-97DFC317BC05</keyObject>
<referredKeyID>3085D36A-D418-5546-8B20-97DFC317BC05</referredKeyID>
<mandatory>true</mandatory>
<refColNames>supplier_id</refColNames>
<transferable>true</transferable>
<rely>false</rely>
<columnDependencyConstraintGenerateInDDL>true</columnDependencyConstraintGenerateInDDL>
</FKIndexAssociation>