<?xml version = '1.0' encoding = 'UTF-8'?>
<FKIndexAssociation class="oracle.dbtools.crest.model.design.relational.FKIndexAssociation" directorySegmentName="seg_0" id="795BF10E-F5A9-434F-95CD-3FA3B988B6D8" containerWithKeyObject="8D19AE72-D3A0-5183-7950-E2A6C80FC1EF" localFKIndex="B77F96D0-87FF-AF3E-F66C-6F52E71548F2" name="Estady_Stady_Studies_FK">
<createdBy>root</createdBy>
<createdTime>2019-06-04 01:01:59 UTC</createdTime>
<ownerDesignName>ExodiaMER</ownerDesignName>
<referredTableLongName>Studies</referredTableLongName>
<deleteRule>NO ACTION</deleteRule>
<referredTableID>A4DDCD9E-921F-CC0D-7CB7-22A0C3697B51</referredTableID>
<keyObject>C11C4343-0E92-F544-F46E-076D793EDC96</keyObject>
<referredKeyID>C11C4343-0E92-F544-F46E-076D793EDC96</referredKeyID>
<mandatory>true</mandatory>
<refColNames>study_id</refColNames>
<transferable>true</transferable>
<rely>false</rely>
<columnDependencyConstraintGenerateInDDL>true</columnDependencyConstraintGenerateInDDL>
</FKIndexAssociation>