<?xml version = '1.0' encoding = 'UTF-8'?>
<FKIndexAssociation class="oracle.dbtools.crest.model.design.relational.FKIndexAssociation" directorySegmentName="seg_0" id="88F913AA-0E87-9437-49D3-445116674124" containerWithKeyObject="7F9133AB-13CC-0C41-9FD8-5FB514353100" localFKIndex="793D160A-706D-0719-6A17-BE078F872EC7" name="Institution_Contact_FK">
<createdBy>root</createdBy>
<createdTime>2019-06-04 01:04:57 UTC</createdTime>
<ownerDesignName>ExodiaMER</ownerDesignName>
<referredTableLongName>Contact</referredTableLongName>
<deleteRule>NO ACTION</deleteRule>
<referredTableID>F8A5327D-0D89-D425-54FB-2BC8C98E1D1B</referredTableID>
<keyObject>FB420DD1-9C0D-566A-0E88-87F9AA936C79</keyObject>
<referredKeyID>FB420DD1-9C0D-566A-0E88-87F9AA936C79</referredKeyID>
<mandatory>true</mandatory>
<refColNames>contact_id</refColNames>
<transferable>true</transferable>
<rely>false</rely>
<columnDependencyConstraintGenerateInDDL>true</columnDependencyConstraintGenerateInDDL>
</FKIndexAssociation>