<?xml version = '1.0' encoding = 'UTF-8'?>
<FKIndexAssociation class="oracle.dbtools.crest.model.design.relational.FKIndexAssociation" directorySegmentName="seg_0" id="9361F2FB-AAA4-2A6B-D0BD-4C329FECB024" containerWithKeyObject="5F6B9C0C-A308-F55D-1111-9796D05A6BBD" localFKIndex="D0D11273-8066-7314-C640-EE1B77EFEBEE" name="Client_Contact_FK">
<createdBy>root</createdBy>
<createdTime>2019-06-03 23:12:23 UTC</createdTime>
<ownerDesignName>ExodiaMER</ownerDesignName>
<referredTableLongName>Contact</referredTableLongName>
<deleteRule>NO ACTION</deleteRule>
<referredTableID>F8A5327D-0D89-D425-54FB-2BC8C98E1D1B</referredTableID>
<keyObject>FB420DD1-9C0D-566A-0E88-87F9AA936C79</keyObject>
<referredKeyID>FB420DD1-9C0D-566A-0E88-87F9AA936C79</referredKeyID>
<mandatory>true</mandatory>
<refColNames>contact_id</refColNames>
<transferable>true</transferable>
<rely>false</rely>
<columnDependencyConstraintGenerateInDDL>true</columnDependencyConstraintGenerateInDDL>
</FKIndexAssociation>