<?xml version = '1.0' encoding = 'UTF-8'?>
<FKIndexAssociation class="oracle.dbtools.crest.model.design.relational.FKIndexAssociation" directorySegmentName="seg_0" id="B4F92D0E-67AD-FE5F-B98B-87CF3F5371C1" containerWithKeyObject="25AF00E2-F0CC-89CE-A32D-B47587A80EAC" localFKIndex="E3F85FAB-8857-C7A1-9B5C-0F0E2B3A61CC" name="City_Country_FK">
<createdBy>root</createdBy>
<createdTime>2019-06-03 23:21:09 UTC</createdTime>
<ownerDesignName>ExodiaMER</ownerDesignName>
<referredTableLongName>Country</referredTableLongName>
<deleteRule>NO ACTION</deleteRule>
<referredTableID>BCDB9DAD-80B2-59CD-70EE-D69458008C4E</referredTableID>
<keyObject>00F679DE-5BB6-8A46-7B73-0DEED482B2FB</keyObject>
<referredKeyID>00F679DE-5BB6-8A46-7B73-0DEED482B2FB</referredKeyID>
<mandatory>true</mandatory>
<refColNames>country_id</refColNames>
<transferable>true</transferable>
<rely>false</rely>
<columnDependencyConstraintGenerateInDDL>true</columnDependencyConstraintGenerateInDDL>
</FKIndexAssociation>