<?xml version = '1.0' encoding = 'UTF-8'?>
<FKIndexAssociation class="oracle.dbtools.crest.model.design.relational.FKIndexAssociation" directorySegmentName="seg_0" id="BC994327-6E65-DF28-CE65-50D054F205A6" containerWithKeyObject="EE30B2C9-5D20-3A3A-D74D-19B16A7B7F9F" localFKIndex="B859D7B4-9184-961B-8770-2533B81744A6" name="Employee_Contact_FK">
<createdBy>root</createdBy>
<createdTime>2019-06-04 00:11:06 UTC</createdTime>
<ownerDesignName>ExodiaMER</ownerDesignName>
<referredTableLongName>Contact</referredTableLongName>
<deleteRule>NO ACTION</deleteRule>
<referredTableID>F8A5327D-0D89-D425-54FB-2BC8C98E1D1B</referredTableID>
<keyObject>FB420DD1-9C0D-566A-0E88-87F9AA936C79</keyObject>
<referredKeyID>FB420DD1-9C0D-566A-0E88-87F9AA936C79</referredKeyID>
<mandatory>true</mandatory>
<refColNames>contact_id</refColNames>
<transferable>true</transferable>
<rely>false</rely>
<columnDependencyConstraintGenerateInDDL>true</columnDependencyConstraintGenerateInDDL>
</FKIndexAssociation>