<?xml version = '1.0' encoding = 'UTF-8'?>
<FKIndexAssociation class="oracle.dbtools.crest.model.design.relational.FKIndexAssociation" directorySegmentName="seg_0" id="BF6A1E1A-B0C2-ADAB-9123-EFE0640057DD" containerWithKeyObject="989F66EC-0A56-1825-1B1C-34E9AFDA71CE" localFKIndex="FA755246-1692-3185-8555-47E1775A9737" name="Supplier_Contact_FK">
<createdBy>root</createdBy>
<createdTime>2019-06-03 23:51:19 UTC</createdTime>
<ownerDesignName>ExodiaMER</ownerDesignName>
<referredTableLongName>Contact</referredTableLongName>
<deleteRule>NO ACTION</deleteRule>
<referredTableID>F8A5327D-0D89-D425-54FB-2BC8C98E1D1B</referredTableID>
<keyObject>FB420DD1-9C0D-566A-0E88-87F9AA936C79</keyObject>
<referredKeyID>FB420DD1-9C0D-566A-0E88-87F9AA936C79</referredKeyID>
<mandatory>true</mandatory>
<refColNames>contact_id</refColNames>
<transferable>true</transferable>
<rely>false</rely>
<columnDependencyConstraintGenerateInDDL>true</columnDependencyConstraintGenerateInDDL>
</FKIndexAssociation>