<?xml version = '1.0' encoding = 'UTF-8'?>
<FKIndexAssociation class="oracle.dbtools.crest.model.design.relational.FKIndexAssociation" directorySegmentName="seg_0" id="C8F3A7E1-BC1F-29F4-5A78-11838BED025B" containerWithKeyObject="A4DDCD9E-921F-CC0D-7CB7-22A0C3697B51" localFKIndex="B846EBD9-FDAA-526C-A8D1-7C60186821D7" name="Studies_Institution_FK">
<createdBy>root</createdBy>
<createdTime>2019-06-04 01:05:23 UTC</createdTime>
<ownerDesignName>ExodiaMER</ownerDesignName>
<referredTableLongName>Institution</referredTableLongName>
<deleteRule>NO ACTION</deleteRule>
<referredTableID>7F9133AB-13CC-0C41-9FD8-5FB514353100</referredTableID>
<keyObject>FE2C354D-7B22-5EA1-C64E-DCCBAEB56E24</keyObject>
<referredKeyID>FE2C354D-7B22-5EA1-C64E-DCCBAEB56E24</referredKeyID>
<mandatory>true</mandatory>
<refColNames>institution_id</refColNames>
<transferable>true</transferable>
<rely>false</rely>
<columnDependencyConstraintGenerateInDDL>true</columnDependencyConstraintGenerateInDDL>
</FKIndexAssociation>