<?xml version = '1.0' encoding = 'UTF-8'?>
<relationalModel class="oracle.dbtools.crest.model.design.relational.RelationalDesign" name="ExodiaMER-Interno" id="B4B4C8E5-3E30-59EF-9DB6-2C7FFB9CF2F6" mainViewID="77562343-E84C-5B0C-1AB2-94791E5C3709">
<createdBy>root</createdBy>
<createdTime>2019-06-03 22:29:57 UTC</createdTime>
<ownerDesignName>ExodiaMER</ownerDesignName>
<shouldBeOpen>false</shouldBeOpen>
<selectedRDBMSSite>32076570-2523-435C-2E92-BF29817DFF70</selectedRDBMSSite>
</relationalModel>