<?xml version = '1.0' encoding = 'UTF-8'?>
<Table class="oracle.dbtools.crest.model.design.relational.Table" directorySegmentName="seg_0" id="3D5BC8A7-F06E-B8E3-1C09-5E03234433BE" name="Product">
<createdBy>root</createdBy>
<createdTime>2019-06-03 22:35:46 UTC</createdTime>
<ownerDesignName>ExodiaMER</ownerDesignName>
<ordsAlias>table_2</ordsAlias>
<allowColumnReorder>false</allowColumnReorder>
<existDependencyGenerateInDDl>true</existDependencyGenerateInDDl>
<parsed>true</parsed>
<columns itemClass="oracle.dbtools.crest.model.design.relational.Column">
<Column name="product_id" id="38800F29-A9C2-AC2B-0359-68485EDEA118">
<createdBy>root</createdBy>
<createdTime>2019-06-03 22:36:26 UTC</createdTime>
<ownerDesignName>ExodiaMER</ownerDesignName>
<useDomainConstraints>false</useDomainConstraints>
<use>1</use>
<logicalDatatype>LOGDT024</logicalDatatype>
<dataTypeSize>15 CHAR</dataTypeSize>
<ownDataTypeParameters>15 CHAR,,</ownDataTypeParameters>
<autoIncrementCycle>false</autoIncrementCycle>
</Column>
<Column name="name" id="62D7ACCA-CD2E-0AE3-4CCC-E21C40586655">
<createdBy>root</createdBy>
<createdTime>2019-06-03 22:36:42 UTC</createdTime>
<ownerDesignName>ExodiaMER</ownerDesignName>
<useDomainConstraints>false</useDomainConstraints>
<use>1</use>
<logicalDatatype>LOGDT024</logicalDatatype>
<dataTypeSize>70 CHAR</dataTypeSize>
<ownDataTypeParameters>70 CHAR,,</ownDataTypeParameters>
<autoIncrementCycle>false</autoIncrementCycle>
</Column>
<Column name="description" id="92570C48-2BDA-16C1-470E-7C167AA3FECF">
<createdBy>root</createdBy>
<createdTime>2019-06-03 22:37:04 UTC</createdTime>
<ownerDesignName>ExodiaMER</ownerDesignName>
<nullsAllowed>true</nullsAllowed>
<useDomainConstraints>false</useDomainConstraints>
<use>1</use>
<logicalDatatype>LOGDT024</logicalDatatype>
<dataTypeSize>500 CHAR</dataTypeSize>
<ownDataTypeParameters>500 CHAR,,</ownDataTypeParameters>
<autoIncrementCycle>false</autoIncrementCycle>
</Column>
<Column name="supplier_id" id="E72EB151-4395-1A89-5CC0-A7280C4ACAC4">
<createdBy>root</createdBy>
<createdTime>2019-06-03 23:53:55 UTC</createdTime>
<ownerDesignName>ExodiaMER</ownerDesignName>
<useDomainConstraints>false</useDomainConstraints>
<use>1</use>
<logicalDatatype>LOGDT024</logicalDatatype>
<dataTypeSize>15 CHAR</dataTypeSize>
<ownDataTypeParameters>,,</ownDataTypeParameters>
<autoIncrementCycle>false</autoIncrementCycle>
<associations>
<colAssociation fkAssociation="5EB9D30A-C5B4-6EFD-652E-9FB99A1DA261" referredColumn="022A750E-1B61-51C9-DAC8-FA74107D9748"/>
</associations>
</Column>
<Column name="category_id" id="2E2ED83C-652B-1BEF-AF80-C1CF847674D6">
<createdBy>root</createdBy>
<createdTime>2019-06-04 00:24:55 UTC</createdTime>
<ownerDesignName>ExodiaMER</ownerDesignName>
<useDomainConstraints>false</useDomainConstraints>
<use>1</use>
<logicalDatatype>LOGDT024</logicalDatatype>
<dataTypeSize>15 CHAR</dataTypeSize>
<ownDataTypeParameters>15 CHAR,,</ownDataTypeParameters>
<autoIncrementCycle>false</autoIncrementCycle>
</Column>
</columns>
<indexes itemClass="oracle.dbtools.crest.model.design.relational.Index">
<ind_PK_UK id="5F1F3178-E31A-3F50-D4BF-1D1D5A5B39CD" name="Product_PK">
<createdBy>root</createdBy>
<createdTime>2019-06-03 22:36:26 UTC</createdTime>
<ownerDesignName>ExodiaMER</ownerDesignName>
<pk>true</pk>
<indexState>Primary Constraint</indexState>
<isSurrogateKey>false</isSurrogateKey>
<indexColumnUsage>
<colUsage columnID="38800F29-A9C2-AC2B-0359-68485EDEA118"/>
</indexColumnUsage>
</ind_PK_UK>
<ind_PK_UK id="875BCF89-9432-6FC5-F927-2022C9ED059A" name="Product_Supplier_FK">
<createdBy>root</createdBy>
<createdTime>2019-06-04 00:35:56 UTC</createdTime>
<ownerDesignName>ExodiaMER</ownerDesignName>
<indexState>Foreign Key</indexState>
<isSurrogateKey>false</isSurrogateKey>
<indexColumnUsage>
<colUsage columnID="E72EB151-4395-1A89-5CC0-A7280C4ACAC4"/>
</indexColumnUsage>
</ind_PK_UK>
</indexes>
</Table>