<?xml version = '1.0' encoding = 'UTF-8'?>
<Table class="oracle.dbtools.crest.model.design.relational.Table" directorySegmentName="seg_0" id="5F6B9C0C-A308-F55D-1111-9796D05A6BBD" name="Client">
<createdBy>root</createdBy>
<createdTime>2019-06-03 23:01:37 UTC</createdTime>
<ownerDesignName>ExodiaMER</ownerDesignName>
<ordsAlias>table_5</ordsAlias>
<allowColumnReorder>false</allowColumnReorder>
<existDependencyGenerateInDDl>true</existDependencyGenerateInDDl>
<parsed>true</parsed>
<columns itemClass="oracle.dbtools.crest.model.design.relational.Column">
<Column name="client_id" id="CD3AC925-B0DA-A764-A0BB-FE7D8A34583A">
<createdBy>root</createdBy>
<createdTime>2019-06-03 23:02:28 UTC</createdTime>
<ownerDesignName>ExodiaMER</ownerDesignName>
<useDomainConstraints>false</useDomainConstraints>
<use>1</use>
<logicalDatatype>LOGDT024</logicalDatatype>
<dataTypeSize>15 CHAR</dataTypeSize>
<ownDataTypeParameters>15 CHAR,,</ownDataTypeParameters>
<autoIncrementCycle>false</autoIncrementCycle>
</Column>
<Column name="first_name" id="1319B395-235E-787E-07C7-DD8FB21E727E">
<createdBy>root</createdBy>
<createdTime>2019-06-03 23:03:03 UTC</createdTime>
<ownerDesignName>ExodiaMER</ownerDesignName>
<useDomainConstraints>false</useDomainConstraints>
<use>1</use>
<logicalDatatype>LOGDT024</logicalDatatype>
<dataTypeSize>70 CHAR</dataTypeSize>
<ownDataTypeParameters>70 CHAR,,</ownDataTypeParameters>
<autoIncrementCycle>false</autoIncrementCycle>
</Column>
<Column name="last_name" id="773A1F9F-98CC-60EB-1E4F-4CD4EFF4A2EE">
<createdBy>root</createdBy>
<createdTime>2019-06-03 23:03:29 UTC</createdTime>
<ownerDesignName>ExodiaMER</ownerDesignName>
<useDomainConstraints>false</useDomainConstraints>
<use>1</use>
<logicalDatatype>LOGDT024</logicalDatatype>
<dataTypeSize>10 CHAR</dataTypeSize>
<ownDataTypeParameters>10 CHAR,,</ownDataTypeParameters>
<autoIncrementCycle>false</autoIncrementCycle>
</Column>
<Column name="contact_id" id="EE8B3914-A44C-F1FE-D94B-71CE16946D73">
<createdBy>root</createdBy>
<createdTime>2019-06-03 23:08:24 UTC</createdTime>
<ownerDesignName>ExodiaMER</ownerDesignName>
<useDomainConstraints>false</useDomainConstraints>
<use>1</use>
<logicalDatatype>LOGDT024</logicalDatatype>
<dataTypeSize>15</dataTypeSize>
<ownDataTypeParameters>15,,</ownDataTypeParameters>
<autoIncrementCycle>false</autoIncrementCycle>
<associations>
<colAssociation fkAssociation="9361F2FB-AAA4-2A6B-D0BD-4C329FECB024" referredColumn="69D3F1AE-C9B1-F762-0455-5B4506E3B2BF"/>
</associations>
</Column>
<Column name="status_id" id="4AFDA88D-84B1-ABE5-5633-E545D1293A14">
<createdBy>root</createdBy>
<createdTime>2019-06-04 00:41:18 UTC</createdTime>
<ownerDesignName>ExodiaMER</ownerDesignName>
<nullsAllowed>true</nullsAllowed>
<use>0</use>
<ownDataTypeParameters>,,</ownDataTypeParameters>
<autoIncrementCycle>false</autoIncrementCycle>
</Column>
</columns>
<indexes itemClass="oracle.dbtools.crest.model.design.relational.Index">
<ind_PK_UK id="E66E19DE-42F6-9253-2DC5-F98D31AE6E5B" name="Client_PK">
<createdBy>root</createdBy>
<createdTime>2019-06-03 23:02:28 UTC</createdTime>
<ownerDesignName>ExodiaMER</ownerDesignName>
<pk>true</pk>
<indexState>Primary Constraint</indexState>
<isSurrogateKey>false</isSurrogateKey>
<indexColumnUsage>
<colUsage columnID="CD3AC925-B0DA-A764-A0BB-FE7D8A34583A"/>
</indexColumnUsage>
</ind_PK_UK>
<ind_PK_UK id="D0D11273-8066-7314-C640-EE1B77EFEBEE" name="Client_Contact_FK">
<createdBy>root</createdBy>
<createdTime>2019-06-03 23:12:23 UTC</createdTime>
<ownerDesignName>ExodiaMER</ownerDesignName>
<indexState>Foreign Key</indexState>
<isSurrogateKey>false</isSurrogateKey>
<indexColumnUsage>
<colUsage columnID="EE8B3914-A44C-F1FE-D94B-71CE16946D73"/>
</indexColumnUsage>
</ind_PK_UK>
</indexes>
</Table>