<?xml version = '1.0' encoding = 'UTF-8'?>
<Table class="oracle.dbtools.crest.model.design.relational.Table" directorySegmentName="seg_0" id="7F9133AB-13CC-0C41-9FD8-5FB514353100" name="Institution">
<createdBy>root</createdBy>
<createdTime>2019-06-04 01:02:49 UTC</createdTime>
<ownerDesignName>ExodiaMER</ownerDesignName>
<ordsAlias>table_19</ordsAlias>
<allowColumnReorder>false</allowColumnReorder>
<existDependencyGenerateInDDl>true</existDependencyGenerateInDDl>
<parsed>true</parsed>
<columns itemClass="oracle.dbtools.crest.model.design.relational.Column">
<Column name="institution_id" id="FF27FFE9-E820-D56D-53C5-8BBAF7CB2F9C">
<createdBy>root</createdBy>
<createdTime>2019-06-04 01:03:35 UTC</createdTime>
<ownerDesignName>ExodiaMER</ownerDesignName>
<useDomainConstraints>false</useDomainConstraints>
<use>1</use>
<logicalDatatype>LOGDT024</logicalDatatype>
<dataTypeSize>15 CHAR</dataTypeSize>
<ownDataTypeParameters>15 CHAR,,</ownDataTypeParameters>
<autoIncrementCycle>false</autoIncrementCycle>
</Column>
<Column name="name" id="DE598185-962B-48A4-2F81-2CB33CD7091F">
<createdBy>root</createdBy>
<createdTime>2019-06-04 01:03:57 UTC</createdTime>
<ownerDesignName>ExodiaMER</ownerDesignName>
<useDomainConstraints>false</useDomainConstraints>
<use>1</use>
<logicalDatatype>LOGDT024</logicalDatatype>
<dataTypeSize>200 CHAR</dataTypeSize>
<ownDataTypeParameters>200 CHAR,,</ownDataTypeParameters>
<autoIncrementCycle>false</autoIncrementCycle>
</Column>
<Column name="contact_id" id="F38B9B02-0CE5-F220-1750-172159C54547">
<createdBy>root</createdBy>
<createdTime>2019-06-04 01:04:30 UTC</createdTime>
<ownerDesignName>ExodiaMER</ownerDesignName>
<useDomainConstraints>false</useDomainConstraints>
<use>1</use>
<logicalDatatype>LOGDT024</logicalDatatype>
<dataTypeSize>15 CHAR</dataTypeSize>
<ownDataTypeParameters>15 CHAR,,</ownDataTypeParameters>
<autoIncrementCycle>false</autoIncrementCycle>
<associations>
<colAssociation fkAssociation="88F913AA-0E87-9437-49D3-445116674124" referredColumn="69D3F1AE-C9B1-F762-0455-5B4506E3B2BF"/>
</associations>
</Column>
</columns>
<indexes itemClass="oracle.dbtools.crest.model.design.relational.Index">
<ind_PK_UK id="FE2C354D-7B22-5EA1-C64E-DCCBAEB56E24" name="Institution_PK">
<createdBy>root</createdBy>
<createdTime>2019-06-04 01:03:35 UTC</createdTime>
<ownerDesignName>ExodiaMER</ownerDesignName>
<pk>true</pk>
<indexState>Primary Constraint</indexState>
<isSurrogateKey>false</isSurrogateKey>
<indexColumnUsage>
<colUsage columnID="FF27FFE9-E820-D56D-53C5-8BBAF7CB2F9C"/>
</indexColumnUsage>
</ind_PK_UK>
<ind_PK_UK id="793D160A-706D-0719-6A17-BE078F872EC7" name="Institution_Contact_FK">
<createdBy>root</createdBy>
<createdTime>2019-06-04 01:04:57 UTC</createdTime>
<ownerDesignName>ExodiaMER</ownerDesignName>
<indexState>Foreign Key</indexState>
<isSurrogateKey>false</isSurrogateKey>
<indexColumnUsage>
<colUsage columnID="F38B9B02-0CE5-F220-1750-172159C54547"/>
</indexColumnUsage>
</ind_PK_UK>
</indexes>
</Table>