<?xml version = '1.0' encoding = 'UTF-8'?>
<Table class="oracle.dbtools.crest.model.design.relational.Table" directorySegmentName="seg_0" id="8D19AE72-D3A0-5183-7950-E2A6C80FC1EF" name="Estady_Stady">
<createdBy>root</createdBy>
<createdTime>2019-06-04 00:47:54 UTC</createdTime>
<ownerDesignName>ExodiaMER</ownerDesignName>
<ordsAlias>table_16</ordsAlias>
<allowColumnReorder>false</allowColumnReorder>
<existDependencyGenerateInDDl>true</existDependencyGenerateInDDl>
<parsed>true</parsed>
<columns itemClass="oracle.dbtools.crest.model.design.relational.Column">
<Column name="employee_id" id="4FC11E35-3C45-11B7-58BC-E2E9A9538EF9">
<createdBy>root</createdBy>
<createdTime>2019-06-04 00:50:00 UTC</createdTime>
<ownerDesignName>ExodiaMER</ownerDesignName>
<useDomainConstraints>false</useDomainConstraints>
<use>1</use>
<logicalDatatype>LOGDT024</logicalDatatype>
<dataTypeSize>15 CHAR</dataTypeSize>
<ownDataTypeParameters>,,</ownDataTypeParameters>
<autoIncrementCycle>false</autoIncrementCycle>
<associations>
<colAssociation fkAssociation="70210254-762C-A10A-33D0-CDA23327EE32" referredColumn="ED44EA08-A8E0-2ADC-4000-6D4DA099EAC9"/>
</associations>
</Column>
<Column name="study_id" id="C254081A-BE47-1491-DECB-B4194875A636">
<createdBy>root</createdBy>
<createdTime>2019-06-04 00:50:16 UTC</createdTime>
<ownerDesignName>ExodiaMER</ownerDesignName>
<useDomainConstraints>false</useDomainConstraints>
<use>1</use>
<logicalDatatype>LOGDT024</logicalDatatype>
<dataTypeSize>15 CHAR</dataTypeSize>
<ownDataTypeParameters>,,</ownDataTypeParameters>
<autoIncrementCycle>false</autoIncrementCycle>
<associations>
<colAssociation fkAssociation="795BF10E-F5A9-434F-95CD-3FA3B988B6D8" referredColumn="080F4D8C-6982-F9EC-552E-03E6D68EBD79"/>
</associations>
</Column>
<Column name="last_update" id="74DD8CC1-FC53-A87F-1B65-F390F56021D0">
<createdBy>root</createdBy>
<createdTime>2019-06-04 00:50:52 UTC</createdTime>
<ownerDesignName>ExodiaMER</ownerDesignName>
<nullsAllowed>true</nullsAllowed>
<useDomainConstraints>false</useDomainConstraints>
<use>1</use>
<logicalDatatype>LOGDT007</logicalDatatype>
<ownDataTypeParameters>,,</ownDataTypeParameters>
<autoIncrementCycle>false</autoIncrementCycle>
</Column>
</columns>
<indexes itemClass="oracle.dbtools.crest.model.design.relational.Index">
<ind_PK_UK id="274B9EDF-AE65-8E07-4427-0E2DD1600F3A" name="Estady_Stady_PK">
<createdBy>root</createdBy>
<createdTime>2019-06-04 00:50:00 UTC</createdTime>
<ownerDesignName>ExodiaMER</ownerDesignName>
<pk>true</pk>
<indexState>Primary Constraint</indexState>
<isSurrogateKey>false</isSurrogateKey>
<indexColumnUsage>
<colUsage columnID="4FC11E35-3C45-11B7-58BC-E2E9A9538EF9"/>
<colUsage columnID="C254081A-BE47-1491-DECB-B4194875A636"/>
</indexColumnUsage>
</ind_PK_UK>
<ind_PK_UK id="AF1C6656-2D92-2CB5-BE3E-F21F3293AAF1" name="Estady_Stady_Employee_FK">
<createdBy>root</createdBy>
<createdTime>2019-06-04 00:54:43 UTC</createdTime>
<ownerDesignName>ExodiaMER</ownerDesignName>
<indexState>Foreign Key</indexState>
<isSurrogateKey>false</isSurrogateKey>
<indexColumnUsage>
<colUsage columnID="4FC11E35-3C45-11B7-58BC-E2E9A9538EF9"/>
</indexColumnUsage>
</ind_PK_UK>
<ind_PK_UK id="B77F96D0-87FF-AF3E-F66C-6F52E71548F2" name="Estady_Stady_Studies_FK">
<createdBy>root</createdBy>
<createdTime>2019-06-04 01:01:59 UTC</createdTime>
<ownerDesignName>ExodiaMER</ownerDesignName>
<indexState>Foreign Key</indexState>
<isSurrogateKey>false</isSurrogateKey>
<indexColumnUsage>
<colUsage columnID="C254081A-BE47-1491-DECB-B4194875A636"/>
</indexColumnUsage>
</ind_PK_UK>
</indexes>
</Table>