<?xml version = '1.0' encoding = 'UTF-8'?>
<Table class="oracle.dbtools.crest.model.design.relational.Table" directorySegmentName="seg_0" id="989F66EC-0A56-1825-1B1C-34E9AFDA71CE" name="Supplier">
<createdBy>root</createdBy>
<createdTime>2019-06-03 23:48:24 UTC</createdTime>
<ownerDesignName>ExodiaMER</ownerDesignName>
<ordsAlias>table_10</ordsAlias>
<allowColumnReorder>false</allowColumnReorder>
<existDependencyGenerateInDDl>true</existDependencyGenerateInDDl>
<parsed>true</parsed>
<columns itemClass="oracle.dbtools.crest.model.design.relational.Column">
<Column name="supplier_id" id="022A750E-1B61-51C9-DAC8-FA74107D9748">
<createdBy>root</createdBy>
<createdTime>2019-06-03 23:50:02 UTC</createdTime>
<ownerDesignName>ExodiaMER</ownerDesignName>
<useDomainConstraints>false</useDomainConstraints>
<use>1</use>
<logicalDatatype>LOGDT024</logicalDatatype>
<dataTypeSize>15 CHAR</dataTypeSize>
<ownDataTypeParameters>15 CHAR,,</ownDataTypeParameters>
<autoIncrementCycle>false</autoIncrementCycle>
</Column>
<Column name="name" id="A80537D2-9ED4-6C13-3086-8FE8223EB65F">
<createdBy>root</createdBy>
<createdTime>2019-06-03 23:50:18 UTC</createdTime>
<ownerDesignName>ExodiaMER</ownerDesignName>
<useDomainConstraints>false</useDomainConstraints>
<use>1</use>
<logicalDatatype>LOGDT024</logicalDatatype>
<dataTypeSize>80 CHAR</dataTypeSize>
<ownDataTypeParameters>80 CHAR,,</ownDataTypeParameters>
<autoIncrementCycle>false</autoIncrementCycle>
</Column>
<Column name="contact_id" id="AB531608-8D2F-0E9E-5F7E-2EBD4C9C5153">
<createdBy>root</createdBy>
<createdTime>2019-06-03 23:51:10 UTC</createdTime>
<ownerDesignName>ExodiaMER</ownerDesignName>
<useDomainConstraints>false</useDomainConstraints>
<use>1</use>
<logicalDatatype>LOGDT024</logicalDatatype>
<dataTypeSize>15 CHAR</dataTypeSize>
<ownDataTypeParameters>,,</ownDataTypeParameters>
<autoIncrementCycle>false</autoIncrementCycle>
<associations>
<colAssociation fkAssociation="BF6A1E1A-B0C2-ADAB-9123-EFE0640057DD" referredColumn="69D3F1AE-C9B1-F762-0455-5B4506E3B2BF"/>
</associations>
</Column>
</columns>
<indexes itemClass="oracle.dbtools.crest.model.design.relational.Index">
<ind_PK_UK id="3085D36A-D418-5546-8B20-97DFC317BC05" name="Supplier_PK">
<createdBy>root</createdBy>
<createdTime>2019-06-03 23:50:02 UTC</createdTime>
<ownerDesignName>ExodiaMER</ownerDesignName>
<pk>true</pk>
<indexState>Primary Constraint</indexState>
<isSurrogateKey>false</isSurrogateKey>
<indexColumnUsage>
<colUsage columnID="022A750E-1B61-51C9-DAC8-FA74107D9748"/>
</indexColumnUsage>
</ind_PK_UK>
<ind_PK_UK id="FA755246-1692-3185-8555-47E1775A9737" name="Supplier_Contact_FK">
<createdBy>root</createdBy>
<createdTime>2019-06-03 23:51:19 UTC</createdTime>
<ownerDesignName>ExodiaMER</ownerDesignName>
<indexState>Foreign Key</indexState>
<isSurrogateKey>false</isSurrogateKey>
<indexColumnUsage>
<colUsage columnID="AB531608-8D2F-0E9E-5F7E-2EBD4C9C5153"/>
</indexColumnUsage>
</ind_PK_UK>
</indexes>
</Table>