<?xml version = '1.0' encoding = 'UTF-8'?>
<Table class="oracle.dbtools.crest.model.design.relational.Table" directorySegmentName="seg_0" id="A4DDCD9E-921F-CC0D-7CB7-22A0C3697B51" name="Studies">
<createdBy>root</createdBy>
<createdTime>2019-06-04 00:54:54 UTC</createdTime>
<ownerDesignName>ExodiaMER</ownerDesignName>
<ordsAlias>table_18</ordsAlias>
<allowColumnReorder>false</allowColumnReorder>
<existDependencyGenerateInDDl>true</existDependencyGenerateInDDl>
<parsed>true</parsed>
<columns itemClass="oracle.dbtools.crest.model.design.relational.Column">
<Column name="study_id" id="080F4D8C-6982-F9EC-552E-03E6D68EBD79">
<createdBy>root</createdBy>
<createdTime>2019-06-04 00:55:46 UTC</createdTime>
<ownerDesignName>ExodiaMER</ownerDesignName>
<useDomainConstraints>false</useDomainConstraints>
<use>1</use>
<logicalDatatype>LOGDT024</logicalDatatype>
<dataTypeSize>15 CHAR</dataTypeSize>
<ownDataTypeParameters>15 CHAR,,</ownDataTypeParameters>
<autoIncrementCycle>false</autoIncrementCycle>
</Column>
<Column name="title" id="582655AE-0DAF-0394-FB02-9D5EC182E673">
<createdBy>root</createdBy>
<createdTime>2019-06-04 00:56:08 UTC</createdTime>
<ownerDesignName>ExodiaMER</ownerDesignName>
<useDomainConstraints>false</useDomainConstraints>
<use>1</use>
<logicalDatatype>LOGDT024</logicalDatatype>
<dataTypeSize>15 CHAR</dataTypeSize>
<ownDataTypeParameters>15 CHAR,,</ownDataTypeParameters>
<autoIncrementCycle>false</autoIncrementCycle>
</Column>
<Column name="institution_id" id="A6E3F133-6D09-A429-928A-F53B5010D25D">
<createdBy>root</createdBy>
<createdTime>2019-06-04 00:57:03 UTC</createdTime>
<ownerDesignName>ExodiaMER</ownerDesignName>
<useDomainConstraints>false</useDomainConstraints>
<use>1</use>
<logicalDatatype>LOGDT024</logicalDatatype>
<dataTypeSize>15 CHAR</dataTypeSize>
<ownDataTypeParameters>15 CHAR,,</ownDataTypeParameters>
<autoIncrementCycle>false</autoIncrementCycle>
<associations>
<colAssociation fkAssociation="C8F3A7E1-BC1F-29F4-5A78-11838BED025B" referredColumn="FF27FFE9-E820-D56D-53C5-8BBAF7CB2F9C"/>
</associations>
</Column>
<Column name="date" id="A3B319EE-A258-2228-9DC5-2560C539DB26">
<createdBy>root</createdBy>
<createdTime>2019-06-04 00:57:24 UTC</createdTime>
<ownerDesignName>ExodiaMER</ownerDesignName>
<useDomainConstraints>false</useDomainConstraints>
<use>1</use>
<logicalDatatype>LOGDT007</logicalDatatype>
<ownDataTypeParameters>,,</ownDataTypeParameters>
<autoIncrementCycle>false</autoIncrementCycle>
</Column>
</columns>
<indexes itemClass="oracle.dbtools.crest.model.design.relational.Index">
<ind_PK_UK id="C11C4343-0E92-F544-F46E-076D793EDC96" name="Studies_PK">
<createdBy>root</createdBy>
<createdTime>2019-06-04 00:55:46 UTC</createdTime>
<ownerDesignName>ExodiaMER</ownerDesignName>
<pk>true</pk>
<indexState>Primary Constraint</indexState>
<isSurrogateKey>false</isSurrogateKey>
<indexColumnUsage>
<colUsage columnID="080F4D8C-6982-F9EC-552E-03E6D68EBD79"/>
</indexColumnUsage>
</ind_PK_UK>
<ind_PK_UK id="B846EBD9-FDAA-526C-A8D1-7C60186821D7" name="Studies_Institution_FK">
<createdBy>root</createdBy>
<createdTime>2019-06-04 01:05:23 UTC</createdTime>
<ownerDesignName>ExodiaMER</ownerDesignName>
<indexState>Foreign Key</indexState>
<isSurrogateKey>false</isSurrogateKey>
<indexColumnUsage>
<colUsage columnID="A6E3F133-6D09-A429-928A-F53B5010D25D"/>
</indexColumnUsage>
</ind_PK_UK>
</indexes>
</Table>