<?xml version = '1.0' encoding = 'UTF-8'?>
<Table class="oracle.dbtools.crest.model.design.relational.Table" directorySegmentName="seg_0" id="AF9A8598-EDED-F45B-50AF-59F15EBC318B" name="Salary">
<createdBy>root</createdBy>
<createdTime>2019-06-04 01:10:31 UTC</createdTime>
<ownerDesignName>ExodiaMER</ownerDesignName>
<ordsAlias>table_20</ordsAlias>
<allowColumnReorder>false</allowColumnReorder>
<existDependencyGenerateInDDl>true</existDependencyGenerateInDDl>
<parsed>true</parsed>
<columns itemClass="oracle.dbtools.crest.model.design.relational.Column">
<Column name="salary_id" id="1333BEA9-B3AF-12E5-28D7-B2AF2E59EB42">
<createdBy>root</createdBy>
<createdTime>2019-06-04 01:10:58 UTC</createdTime>
<ownerDesignName>ExodiaMER</ownerDesignName>
<useDomainConstraints>false</useDomainConstraints>
<use>1</use>
<logicalDatatype>LOGDT024</logicalDatatype>
<dataTypeSize>15 CHAR</dataTypeSize>
<ownDataTypeParameters>15 CHAR,,</ownDataTypeParameters>
<autoIncrementCycle>false</autoIncrementCycle>
</Column>
<Column name="value" id="2F7EF139-42E6-C7B1-454D-620969B63C28">
<createdBy>root</createdBy>
<createdTime>2019-06-04 01:11:21 UTC</createdTime>
<ownerDesignName>ExodiaMER</ownerDesignName>
<useDomainConstraints>false</useDomainConstraints>
<use>1</use>
<logicalDatatype>LOGDT043</logicalDatatype>
<dataTypePrecision>12</dataTypePrecision>
<dataTypeScale>2</dataTypeScale>
<ownDataTypeParameters>,12,2</ownDataTypeParameters>
<autoIncrementCycle>false</autoIncrementCycle>
</Column>
</columns>
<indexes itemClass="oracle.dbtools.crest.model.design.relational.Index">
<ind_PK_UK id="906527B7-3EAE-584C-74E0-B030ADF27585" name="Salary_PK">
<createdBy>root</createdBy>
<createdTime>2019-06-04 01:10:58 UTC</createdTime>
<ownerDesignName>ExodiaMER</ownerDesignName>
<pk>true</pk>
<indexState>Primary Constraint</indexState>
<isSurrogateKey>false</isSurrogateKey>
<indexColumnUsage>
<colUsage columnID="1333BEA9-B3AF-12E5-28D7-B2AF2E59EB42"/>
</indexColumnUsage>
</ind_PK_UK>
</indexes>
</Table>