<?xml version = '1.0' encoding = 'UTF-8'?>
<Table class="oracle.dbtools.crest.model.design.relational.Table" directorySegmentName="seg_0" id="BCDB9DAD-80B2-59CD-70EE-D69458008C4E" name="Country">
<createdBy>root</createdBy>
<createdTime>2019-06-03 23:19:25 UTC</createdTime>
<ownerDesignName>ExodiaMER</ownerDesignName>
<ordsAlias>table_9</ordsAlias>
<allowColumnReorder>false</allowColumnReorder>
<existDependencyGenerateInDDl>true</existDependencyGenerateInDDl>
<parsed>true</parsed>
<columns itemClass="oracle.dbtools.crest.model.design.relational.Column">
<Column name="country_id" id="BEE11ECD-2582-BCFF-EBD3-2B7E2C1F2E77">
<createdBy>root</createdBy>
<createdTime>2019-06-03 23:19:52 UTC</createdTime>
<ownerDesignName>ExodiaMER</ownerDesignName>
<useDomainConstraints>false</useDomainConstraints>
<use>1</use>
<logicalDatatype>LOGDT024</logicalDatatype>
<dataTypeSize>15 CHAR</dataTypeSize>
<ownDataTypeParameters>15 CHAR,,</ownDataTypeParameters>
<autoIncrementCycle>false</autoIncrementCycle>
</Column>
<Column name="country" id="B460EAD0-6CC6-FD17-F09D-6CCA12080A1D">
<createdBy>root</createdBy>
<createdTime>2019-06-03 23:20:13 UTC</createdTime>
<ownerDesignName>ExodiaMER</ownerDesignName>
<useDomainConstraints>false</useDomainConstraints>
<use>1</use>
<logicalDatatype>LOGDT024</logicalDatatype>
<dataTypeSize>120 CHAR</dataTypeSize>
<ownDataTypeParameters>120 CHAR,,</ownDataTypeParameters>
<autoIncrementCycle>false</autoIncrementCycle>
</Column>
<Column name="last_update" id="35C528D9-5B13-5DB3-951A-FB22E3FB1591">
<createdBy>root</createdBy>
<createdTime>2019-06-03 23:20:42 UTC</createdTime>
<ownerDesignName>ExodiaMER</ownerDesignName>
<nullsAllowed>true</nullsAllowed>
<useDomainConstraints>false</useDomainConstraints>
<use>1</use>
<logicalDatatype>LOGDT007</logicalDatatype>
<ownDataTypeParameters>,,</ownDataTypeParameters>
<autoIncrementCycle>false</autoIncrementCycle>
</Column>
</columns>
<indexes itemClass="oracle.dbtools.crest.model.design.relational.Index">
<ind_PK_UK id="00F679DE-5BB6-8A46-7B73-0DEED482B2FB" name="Country_PK">
<createdBy>root</createdBy>
<createdTime>2019-06-03 23:19:52 UTC</createdTime>
<ownerDesignName>ExodiaMER</ownerDesignName>
<pk>true</pk>
<indexState>Primary Constraint</indexState>
<isSurrogateKey>false</isSurrogateKey>
<indexColumnUsage>
<colUsage columnID="BEE11ECD-2582-BCFF-EBD3-2B7E2C1F2E77"/>
</indexColumnUsage>
</ind_PK_UK>
</indexes>
</Table>