<?xml version = '1.0' encoding = 'UTF-8'?>
<Table class="oracle.dbtools.crest.model.design.relational.Table" directorySegmentName="seg_0" id="F8A5327D-0D89-D425-54FB-2BC8C98E1D1B" name="Contact">
<createdBy>root</createdBy>
<createdTime>2019-06-03 23:09:16 UTC</createdTime>
<ownerDesignName>ExodiaMER</ownerDesignName>
<ordsAlias>table_6</ordsAlias>
<allowColumnReorder>false</allowColumnReorder>
<existDependencyGenerateInDDl>true</existDependencyGenerateInDDl>
<parsed>true</parsed>
<columns itemClass="oracle.dbtools.crest.model.design.relational.Column">
<Column name="contact_id" id="69D3F1AE-C9B1-F762-0455-5B4506E3B2BF">
<createdBy>root</createdBy>
<createdTime>2019-06-03 23:09:56 UTC</createdTime>
<ownerDesignName>ExodiaMER</ownerDesignName>
<useDomainConstraints>false</useDomainConstraints>
<use>1</use>
<logicalDatatype>LOGDT024</logicalDatatype>
<dataTypeSize>15 CHAR</dataTypeSize>
<ownDataTypeParameters>15 CHAR,,</ownDataTypeParameters>
<autoIncrementCycle>false</autoIncrementCycle>
</Column>
<Column name="email" id="F8F6C6AB-9768-9E7B-64B5-DC4449B2C898">
<createdBy>root</createdBy>
<createdTime>2019-06-03 23:10:52 UTC</createdTime>
<ownerDesignName>ExodiaMER</ownerDesignName>
<nullsAllowed>true</nullsAllowed>
<useDomainConstraints>false</useDomainConstraints>
<use>1</use>
<logicalDatatype>LOGDT024</logicalDatatype>
<dataTypeSize>90 CHAR</dataTypeSize>
<ownDataTypeParameters>90 CHAR,,</ownDataTypeParameters>
<autoIncrementCycle>false</autoIncrementCycle>
</Column>
<Column name="phone" id="165FE1AE-C375-BFEA-0516-BFCD6A656E0C">
<createdBy>root</createdBy>
<createdTime>2019-06-03 23:11:13 UTC</createdTime>
<ownerDesignName>ExodiaMER</ownerDesignName>
<nullsAllowed>true</nullsAllowed>
<useDomainConstraints>false</useDomainConstraints>
<use>1</use>
<logicalDatatype>LOGDT024</logicalDatatype>
<dataTypeSize>15 CHAR</dataTypeSize>
<ownDataTypeParameters>15 CHAR,,</ownDataTypeParameters>
<autoIncrementCycle>false</autoIncrementCycle>
</Column>
<Column name="address_id" id="8C4D405A-3CEC-2093-22D9-4F0FA1162550">
<createdBy>root</createdBy>
<createdTime>2019-06-03 23:12:05 UTC</createdTime>
<ownerDesignName>ExodiaMER</ownerDesignName>
<useDomainConstraints>false</useDomainConstraints>
<use>1</use>
<logicalDatatype>LOGDT024</logicalDatatype>
<dataTypeSize>15 CHAR</dataTypeSize>
<ownDataTypeParameters>15 CHAR,,</ownDataTypeParameters>
<autoIncrementCycle>false</autoIncrementCycle>
<associations>
<colAssociation fkAssociation="2254ECD3-49D1-976E-ED81-B308A97A1A9E" referredColumn="920E0EB1-9CB2-BE1F-B6F8-8287DDF3E757"/>
</associations>
</Column>
</columns>
<indexes itemClass="oracle.dbtools.crest.model.design.relational.Index">
<ind_PK_UK id="FB420DD1-9C0D-566A-0E88-87F9AA936C79" name="Contact_PK">
<createdBy>root</createdBy>
<createdTime>2019-06-03 23:09:56 UTC</createdTime>
<ownerDesignName>ExodiaMER</ownerDesignName>
<pk>true</pk>
<indexState>Primary Constraint</indexState>
<isSurrogateKey>false</isSurrogateKey>
<indexColumnUsage>
<colUsage columnID="69D3F1AE-C9B1-F762-0455-5B4506E3B2BF"/>
</indexColumnUsage>
</ind_PK_UK>
<ind_PK_UK id="6B06EA81-4451-F0F6-F40D-A517BE8257E5" name="Contact_Address_FK">
<createdBy>root</createdBy>
<createdTime>2019-06-03 23:21:55 UTC</createdTime>
<ownerDesignName>ExodiaMER</ownerDesignName>
<indexState>Foreign Key</indexState>
<isSurrogateKey>false</isSurrogateKey>
<indexColumnUsage>
<colUsage columnID="8C4D405A-3CEC-2093-22D9-4F0FA1162550"/>
</indexColumnUsage>
</ind_PK_UK>
</indexes>
</Table>