<?xml version = '1.0' encoding = 'UTF-8'?>
<Relation class="oracle.dbtools.crest.model.design.logical.Relation" name="Position_Salary_FK" directorySegmentName="seg_0" id="3A1704F9-B512-D0BA-85D3-38A9C15037B2">
<createdBy>root</createdBy>
<createdTime>2019-06-04 01:15:18 UTC</createdTime>
<generatorID>EF893AB5-49FF-F92C-0225-66958428A49E</generatorID>
<ownerDesignName>ExodiaMER</ownerDesignName>
<engineerTo>
<item key="B4B4C8E5-3E30-59EF-9DB6-2C7FFB9CF2F6" value="true"/>
<item key="2706548D-8599-32A1-E766-52AA1C289106" value="true"/>
</engineerTo>
<sourcePk>55AAD942-7CE1-3A8F-49E7-F1AC7A1DEFDB</sourcePk>
<identifying>false</identifying>
<optionalSource>true</optionalSource>
<optionalTarget>false</optionalTarget>
<sourceCardinality>1</sourceCardinality>
<sourceEntity>3CF022A9-460C-7144-8E20-087DAEF9FEF1</sourceEntity>
<targetCardinalityString>*</targetCardinalityString>
<targetEntity>3ABD4730-0510-B246-4B03-E19B7AE72CD2</targetEntity>
<transferable>true</transferable>
<deleteRule>NO ACTION</deleteRule>
</Relation>