<?xml version = '1.0' encoding = 'UTF-8'?>
<Relation class="oracle.dbtools.crest.model.design.logical.Relation" name="Estady_Stady_Employee_FK" directorySegmentName="seg_0" id="6315DAE7-8F02-8E82-51FF-3369A4ECD53B">
<createdBy>root</createdBy>
<createdTime>2019-06-04 01:15:18 UTC</createdTime>
<generatorID>70210254-762C-A10A-33D0-CDA23327EE32</generatorID>
<ownerDesignName>ExodiaMER</ownerDesignName>
<engineerTo>
<item key="B4B4C8E5-3E30-59EF-9DB6-2C7FFB9CF2F6" value="true"/>
<item key="2706548D-8599-32A1-E766-52AA1C289106" value="true"/>
</engineerTo>
<sourcePk>6BF07DA9-FC02-4D62-8FCA-C99A3B1566E4</sourcePk>
<identifying>true</identifying>
<optionalSource>true</optionalSource>
<optionalTarget>false</optionalTarget>
<sourceCardinality>1</sourceCardinality>
<sourceEntity>086A51FE-6720-D1BA-F401-6DC5B58D09D8</sourceEntity>
<targetCardinalityString>*</targetCardinalityString>
<targetEntity>BA1B3B1E-D04E-530E-50D0-0877161C1D8B</targetEntity>
<transferable>true</transferable>
<deleteRule>NO ACTION</deleteRule>
</Relation>