<?xml version = '1.0' encoding = 'UTF-8'?>
<Relation class="oracle.dbtools.crest.model.design.logical.Relation" name="Employee_Contact_FK" directorySegmentName="seg_0" id="811E78C8-B961-3F56-0858-F2EA9D0F7500">
<createdBy>root</createdBy>
<createdTime>2019-06-04 01:15:18 UTC</createdTime>
<generatorID>BC994327-6E65-DF28-CE65-50D054F205A6</generatorID>
<ownerDesignName>ExodiaMER</ownerDesignName>
<engineerTo>
<item key="B4B4C8E5-3E30-59EF-9DB6-2C7FFB9CF2F6" value="true"/>
<item key="2706548D-8599-32A1-E766-52AA1C289106" value="true"/>
</engineerTo>
<sourcePk>D375AC70-8A50-E8EB-28B1-E9873F56DD33</sourcePk>
<identifying>false</identifying>
<optionalSource>true</optionalSource>
<optionalTarget>false</optionalTarget>
<sourceCardinality>1</sourceCardinality>
<sourceEntity>169DBF7E-D78E-0A7C-273B-4739EB991E5E</sourceEntity>
<targetCardinalityString>*</targetCardinalityString>
<targetEntity>086A51FE-6720-D1BA-F401-6DC5B58D09D8</targetEntity>
<transferable>true</transferable>
<deleteRule>NO ACTION</deleteRule>
</Relation>