<?xml version = '1.0' encoding = 'UTF-8'?>
<Relation class="oracle.dbtools.crest.model.design.logical.Relation" name="Studies_Institution_FK" directorySegmentName="seg_0" id="9C9A7D0A-4CFD-3914-4C7C-871315231CAD">
<createdBy>root</createdBy>
<createdTime>2019-06-04 01:15:18 UTC</createdTime>
<generatorID>C8F3A7E1-BC1F-29F4-5A78-11838BED025B</generatorID>
<ownerDesignName>ExodiaMER</ownerDesignName>
<engineerTo>
<item key="B4B4C8E5-3E30-59EF-9DB6-2C7FFB9CF2F6" value="true"/>
<item key="2706548D-8599-32A1-E766-52AA1C289106" value="true"/>
</engineerTo>
<sourcePk>E0B0C197-A79D-7B6B-F2A3-D103D2796002</sourcePk>
<identifying>false</identifying>
<optionalSource>true</optionalSource>
<optionalTarget>false</optionalTarget>
<sourceCardinality>1</sourceCardinality>
<sourceEntity>CC7265D0-25C9-4D07-041F-5EBD813D2E0E</sourceEntity>
<targetCardinalityString>*</targetCardinalityString>
<targetEntity>766A2723-2721-82CE-4A58-EB278901F9CC</targetEntity>
<transferable>true</transferable>
<deleteRule>NO ACTION</deleteRule>
</Relation>