<?xml version = '1.0' encoding = 'UTF-8'?>
<Relation class="oracle.dbtools.crest.model.design.logical.Relation" name="Employee_Position_FK" directorySegmentName="seg_0" id="C9D8FDC6-83CF-73D2-B34A-8902AE89D4DB">
<createdBy>root</createdBy>
<createdTime>2019-06-04 01:15:18 UTC</createdTime>
<generatorID>15C1FFE7-0223-7920-2C51-18885C8DAD5A</generatorID>
<ownerDesignName>ExodiaMER</ownerDesignName>
<engineerTo>
<item key="B4B4C8E5-3E30-59EF-9DB6-2C7FFB9CF2F6" value="true"/>
<item key="2706548D-8599-32A1-E766-52AA1C289106" value="true"/>
</engineerTo>
<sourcePk>97C637F4-74C7-C5FE-D691-0464661CE5B9</sourcePk>
<identifying>false</identifying>
<optionalSource>true</optionalSource>
<optionalTarget>false</optionalTarget>
<sourceCardinality>1</sourceCardinality>
<sourceEntity>3ABD4730-0510-B246-4B03-E19B7AE72CD2</sourceEntity>
<targetCardinalityString>*</targetCardinalityString>
<targetEntity>086A51FE-6720-D1BA-F401-6DC5B58D09D8</targetEntity>
<transferable>true</transferable>
<deleteRule>NO ACTION</deleteRule>
</Relation>