<?xml version = '1.0' encoding = 'UTF-8'?>
<Relation class="oracle.dbtools.crest.model.design.logical.Relation" name="BilltypeP_Product_FK" directorySegmentName="seg_0" id="CFB7F88C-279B-A8C7-4F8C-44095C3B0985">
<createdBy>root</createdBy>
<createdTime>2019-06-04 01:15:18 UTC</createdTime>
<generatorID>AF593EF9-5460-9955-CC21-77A6F398D5F1</generatorID>
<ownerDesignName>ExodiaMER</ownerDesignName>
<engineerTo>
<item key="B4B4C8E5-3E30-59EF-9DB6-2C7FFB9CF2F6" value="true"/>
<item key="2706548D-8599-32A1-E766-52AA1C289106" value="true"/>
</engineerTo>
<sourcePk>5C1B764F-7BDB-0012-745B-8D6E9CE6929C</sourcePk>
<identifying>false</identifying>
<optionalSource>true</optionalSource>
<optionalTarget>false</optionalTarget>
<sourceCardinality>1</sourceCardinality>
<sourceEntity>1B9CBAAA-8BEA-4F74-660E-4E18ECED8D25</sourceEntity>
<targetCardinalityString>*</targetCardinalityString>
<targetEntity>F7659DB8-7F6C-D1C9-54BA-A76AD0DB4D08</targetEntity>
<transferable>true</transferable>
<deleteRule>NO ACTION</deleteRule>
</Relation>