<?xml version = '1.0' encoding = 'UTF-8'?>
<Relation class="oracle.dbtools.crest.model.design.logical.Relation" name="Estady_Stady_Studies_FK" directorySegmentName="seg_0" id="E2FB007E-DADC-3F39-0F30-D2333E821B88">
<createdBy>root</createdBy>
<createdTime>2019-06-04 01:15:18 UTC</createdTime>
<generatorID>795BF10E-F5A9-434F-95CD-3FA3B988B6D8</generatorID>
<ownerDesignName>ExodiaMER</ownerDesignName>
<engineerTo>
<item key="B4B4C8E5-3E30-59EF-9DB6-2C7FFB9CF2F6" value="true"/>
<item key="2706548D-8599-32A1-E766-52AA1C289106" value="true"/>
</engineerTo>
<sourcePk>71DBEF4F-E176-DEF4-6D7E-2E91D204400C</sourcePk>
<identifying>true</identifying>
<optionalSource>true</optionalSource>
<optionalTarget>false</optionalTarget>
<sourceCardinality>1</sourceCardinality>
<sourceEntity>766A2723-2721-82CE-4A58-EB278901F9CC</sourceEntity>
<targetCardinalityString>*</targetCardinalityString>
<targetEntity>BA1B3B1E-D04E-530E-50D0-0877161C1D8B</targetEntity>
<transferable>true</transferable>
<deleteRule>NO ACTION</deleteRule>
</Relation>