<?xml version = '1.0' encoding = 'UTF-8'?>
<Entity class="oracle.dbtools.crest.model.design.logical.Entity" directorySegmentName="seg_0" id="169DBF7E-D78E-0A7C-273B-4739EB991E5E" name="Contact">
<createdBy>root</createdBy>
<createdTime>2019-06-04 01:15:18 UTC</createdTime>
<generatorID>F8A5327D-0D89-D425-54FB-2BC8C98E1D1B</generatorID>
<ownerDesignName>ExodiaMER</ownerDesignName>
<engineerTo>
<item key="B4B4C8E5-3E30-59EF-9DB6-2C7FFB9CF2F6" value="true"/>
<item key="2706548D-8599-32A1-E766-52AA1C289106" value="true"/>
</engineerTo>
<adequatelyNormalized>NO</adequatelyNormalized>
<expectedVolumes>0</expectedVolumes>
<fwdEngineeringStrategyName>Single Table</fwdEngineeringStrategyName>
<growthPercent>0</growthPercent>
<growthType>Year</growthType>
<maxVolumes>9999999</maxVolumes>
<minVolumes>0</minVolumes>
<normalForm>Third</normalForm>
<attributes itemClass="oracle.dbtools.crest.model.design.logical.Attribute">
<Attribute name="contact id" id="A4A7EECB-840E-82B3-EF6D-2BF7B985E365">
<createdBy>root</createdBy>
<createdTime>2019-06-04 01:15:18 UTC</createdTime>
<generatorID>69D3F1AE-C9B1-F762-0455-5B4506E3B2BF</generatorID>
<ownerDesignName>ExodiaMER</ownerDesignName>
<engineerTo>
<item key="B4B4C8E5-3E30-59EF-9DB6-2C7FFB9CF2F6" value="true"/>
<item key="2706548D-8599-32A1-E766-52AA1C289106" value="true"/>
</engineerTo>
<useDomainConstraints>false</useDomainConstraints>
<use>1</use>
<logicalDatatype>LOGDT024</logicalDatatype>
<dataTypeSize>15 CHAR</dataTypeSize>
<ownDataTypeParameters>15 CHAR,,</ownDataTypeParameters>
</Attribute>
<Attribute name="email" id="54807597-3F10-B9A9-C343-8F904068EA28">
<createdBy>root</createdBy>
<createdTime>2019-06-04 01:15:18 UTC</createdTime>
<generatorID>F8F6C6AB-9768-9E7B-64B5-DC4449B2C898</generatorID>
<ownerDesignName>ExodiaMER</ownerDesignName>
<engineerTo>
<item key="B4B4C8E5-3E30-59EF-9DB6-2C7FFB9CF2F6" value="true"/>
<item key="2706548D-8599-32A1-E766-52AA1C289106" value="true"/>
</engineerTo>
<nullsAllowed>true</nullsAllowed>
<useDomainConstraints>false</useDomainConstraints>
<use>1</use>
<logicalDatatype>LOGDT024</logicalDatatype>
<dataTypeSize>90 CHAR</dataTypeSize>
<ownDataTypeParameters>90 CHAR,,</ownDataTypeParameters>
</Attribute>
<Attribute name="phone" id="323A88F9-0A1A-2AE9-B94B-C8F00E3D1CD7">
<createdBy>root</createdBy>
<createdTime>2019-06-04 01:15:18 UTC</createdTime>
<generatorID>165FE1AE-C375-BFEA-0516-BFCD6A656E0C</generatorID>
<ownerDesignName>ExodiaMER</ownerDesignName>
<engineerTo>
<item key="B4B4C8E5-3E30-59EF-9DB6-2C7FFB9CF2F6" value="true"/>
<item key="2706548D-8599-32A1-E766-52AA1C289106" value="true"/>
</engineerTo>
<nullsAllowed>true</nullsAllowed>
<useDomainConstraints>false</useDomainConstraints>
<use>1</use>
<logicalDatatype>LOGDT024</logicalDatatype>
<dataTypeSize>15 CHAR</dataTypeSize>
<ownDataTypeParameters>15 CHAR,,</ownDataTypeParameters>
</Attribute>
<Attribute name="address id" id="A2F76A56-89E8-9AB8-3435-BE95B4896A1B">
<createdBy>root</createdBy>
<createdTime>2019-06-04 01:15:18 UTC</createdTime>
<generatorID>F735E515-8165-EC2F-F325-7E5D18ED2DC2</generatorID>
<ownerDesignName>ExodiaMER</ownerDesignName>
<engineerTo>
<item key="B4B4C8E5-3E30-59EF-9DB6-2C7FFB9CF2F6" value="true"/>
<item key="2706548D-8599-32A1-E766-52AA1C289106" value="true"/>
</engineerTo>
<referedAttribute>2279A350-3D51-729C-BFFA-456DB03AE9BC</referedAttribute>
<useDomainConstraints>false</useDomainConstraints>
<use>1</use>
<logicalDatatype>LOGDT024</logicalDatatype>
<dataTypeSize>15 CHAR</dataTypeSize>
<ownDataTypeParameters>,,</ownDataTypeParameters>
</Attribute>
</attributes>
<identifiers itemClass="oracle.dbtools.crest.model.design.logical.CandidateKey">
<identifier id="D375AC70-8A50-E8EB-28B1-E9873F56DD33" name="Contact PK">
<createdBy>root</createdBy>
<createdTime>2019-06-04 01:15:18 UTC</createdTime>
<generatorID>FB420DD1-9C0D-566A-0E88-87F9AA936C79</generatorID>
<ownerDesignName>ExodiaMER</ownerDesignName>
<engineerTo>
<item key="B4B4C8E5-3E30-59EF-9DB6-2C7FFB9CF2F6" value="true"/>
<item key="2706548D-8599-32A1-E766-52AA1C289106" value="true"/>
</engineerTo>
<pk>true</pk>
<usedAttributes>
<attributeRef>A4A7EECB-840E-82B3-EF6D-2BF7B985E365</attributeRef>
</usedAttributes>
</identifier>
</identifiers>
</Entity>