<?xml version = '1.0' encoding = 'UTF-8'?>
<Entity class="oracle.dbtools.crest.model.design.logical.Entity" directorySegmentName="seg_0" id="72011093-BD67-CE2E-B6F7-F49A3E0BCB65" name="Client">
<createdBy>root</createdBy>
<createdTime>2019-06-04 01:15:18 UTC</createdTime>
<generatorID>5F6B9C0C-A308-F55D-1111-9796D05A6BBD</generatorID>
<ownerDesignName>ExodiaMER</ownerDesignName>
<engineerTo>
<item key="B4B4C8E5-3E30-59EF-9DB6-2C7FFB9CF2F6" value="true"/>
<item key="2706548D-8599-32A1-E766-52AA1C289106" value="true"/>
</engineerTo>
<adequatelyNormalized>NO</adequatelyNormalized>
<expectedVolumes>0</expectedVolumes>
<fwdEngineeringStrategyName>Single Table</fwdEngineeringStrategyName>
<growthPercent>0</growthPercent>
<growthType>Year</growthType>
<maxVolumes>9999999</maxVolumes>
<minVolumes>0</minVolumes>
<normalForm>Third</normalForm>
<attributes itemClass="oracle.dbtools.crest.model.design.logical.Attribute">
<Attribute name="client id" id="6DE94E32-1DF0-590A-BFA3-2040CD669A03">
<createdBy>root</createdBy>
<createdTime>2019-06-04 01:15:18 UTC</createdTime>
<generatorID>CD3AC925-B0DA-A764-A0BB-FE7D8A34583A</generatorID>
<ownerDesignName>ExodiaMER</ownerDesignName>
<engineerTo>
<item key="B4B4C8E5-3E30-59EF-9DB6-2C7FFB9CF2F6" value="true"/>
<item key="2706548D-8599-32A1-E766-52AA1C289106" value="true"/>
</engineerTo>
<useDomainConstraints>false</useDomainConstraints>
<use>1</use>
<logicalDatatype>LOGDT024</logicalDatatype>
<dataTypeSize>15 CHAR</dataTypeSize>
<ownDataTypeParameters>15 CHAR,,</ownDataTypeParameters>
</Attribute>
<Attribute name="first name" id="B82FC5B0-3382-9D29-7CC1-94152D08A08D">
<createdBy>root</createdBy>
<createdTime>2019-06-04 01:15:18 UTC</createdTime>
<generatorID>1319B395-235E-787E-07C7-DD8FB21E727E</generatorID>
<ownerDesignName>ExodiaMER</ownerDesignName>
<engineerTo>
<item key="B4B4C8E5-3E30-59EF-9DB6-2C7FFB9CF2F6" value="true"/>
<item key="2706548D-8599-32A1-E766-52AA1C289106" value="true"/>
</engineerTo>
<useDomainConstraints>false</useDomainConstraints>
<use>1</use>
<logicalDatatype>LOGDT024</logicalDatatype>
<dataTypeSize>70 CHAR</dataTypeSize>
<ownDataTypeParameters>70 CHAR,,</ownDataTypeParameters>
</Attribute>
<Attribute name="last name" id="8E1C5403-DFA1-8DCA-B844-0B374BB24F65">
<createdBy>root</createdBy>
<createdTime>2019-06-04 01:15:18 UTC</createdTime>
<generatorID>773A1F9F-98CC-60EB-1E4F-4CD4EFF4A2EE</generatorID>
<ownerDesignName>ExodiaMER</ownerDesignName>
<engineerTo>
<item key="B4B4C8E5-3E30-59EF-9DB6-2C7FFB9CF2F6" value="true"/>
<item key="2706548D-8599-32A1-E766-52AA1C289106" value="true"/>
</engineerTo>
<useDomainConstraints>false</useDomainConstraints>
<use>1</use>
<logicalDatatype>LOGDT024</logicalDatatype>
<dataTypeSize>10 CHAR</dataTypeSize>
<ownDataTypeParameters>10 CHAR,,</ownDataTypeParameters>
</Attribute>
<Attribute name="contact id" id="A45BE6A2-5D67-EACD-56AB-2DAB2B54B9DC">
<createdBy>root</createdBy>
<createdTime>2019-06-04 01:15:18 UTC</createdTime>
<generatorID>BD381D97-75F0-E494-DCA8-83A0B4E8D27B</generatorID>
<ownerDesignName>ExodiaMER</ownerDesignName>
<engineerTo>
<item key="B4B4C8E5-3E30-59EF-9DB6-2C7FFB9CF2F6" value="true"/>
<item key="2706548D-8599-32A1-E766-52AA1C289106" value="true"/>
</engineerTo>
<referedAttribute>A4A7EECB-840E-82B3-EF6D-2BF7B985E365</referedAttribute>
<useDomainConstraints>false</useDomainConstraints>
<use>1</use>
<logicalDatatype>LOGDT024</logicalDatatype>
<dataTypeSize>15 CHAR</dataTypeSize>
<ownDataTypeParameters>,,</ownDataTypeParameters>
</Attribute>
<Attribute name="status id" id="E11B711B-6A99-77F5-BAD3-F7F841111473">
<createdBy>root</createdBy>
<createdTime>2019-06-04 01:15:18 UTC</createdTime>
<generatorID>4AFDA88D-84B1-ABE5-5633-E545D1293A14</generatorID>
<ownerDesignName>ExodiaMER</ownerDesignName>
<engineerTo>
<item key="B4B4C8E5-3E30-59EF-9DB6-2C7FFB9CF2F6" value="true"/>
<item key="2706548D-8599-32A1-E766-52AA1C289106" value="true"/>
</engineerTo>
<nullsAllowed>true</nullsAllowed>
<use>0</use>
<ownDataTypeParameters>,,</ownDataTypeParameters>
</Attribute>
</attributes>
<identifiers itemClass="oracle.dbtools.crest.model.design.logical.CandidateKey">
<identifier id="3EDCFDD5-CF31-842E-BFC6-6399E9194520" name="Client PK">
<createdBy>root</createdBy>
<createdTime>2019-06-04 01:15:18 UTC</createdTime>
<generatorID>E66E19DE-42F6-9253-2DC5-F98D31AE6E5B</generatorID>
<ownerDesignName>ExodiaMER</ownerDesignName>
<engineerTo>
<item key="B4B4C8E5-3E30-59EF-9DB6-2C7FFB9CF2F6" value="true"/>
<item key="2706548D-8599-32A1-E766-52AA1C289106" value="true"/>
</engineerTo>
<pk>true</pk>
<usedAttributes>
<attributeRef>6DE94E32-1DF0-590A-BFA3-2040CD669A03</attributeRef>
</usedAttributes>
</identifier>
</identifiers>
</Entity>