<?xml version = '1.0' encoding = 'UTF-8'?>
<Diagram class="oracle.dbtools.crest.swingui.logical.DPVLogical" name="Logical" id="25EBF337-CFAF-3D52-BBEC-B3DD79FD1B70">
<createdBy>root</createdBy>
<modifiedBy>root</modifiedBy>
<createdTime>2019-06-03 23:24:41 UTC</createdTime>
<autoRoute>false</autoRoute>
<boxInbox>true</boxInbox>
<showLegend>false</showLegend>
<showLabels>false</showLabels>
<showRelAttributes>false</showRelAttributes>
<gridEnabled>false</gridEnabled>
<showGrid>false</showGrid>
<diagramColor>-1</diagramColor>
<display>false</display>
<notation>1</notation>
<objectViews>
<OView class="oracle.dbtools.crest.swingui.logical.TVEntity" oid="086A51FE-6720-D1BA-F401-6DC5B58D09D8" otype="Entity" vid="1CE6204D-A9DE-5E71-C16F-5DCD83E19E1C">
<hideElementsInCurrentOnly>false</hideElementsInCurrentOnly>
<bounds x="677" y="468" width="170" height="201"/>
</OView>
<OView class="oracle.dbtools.crest.swingui.logical.TVEntity" oid="115EF42E-9C04-A5AF-82FC-378F595EA5E7" otype="Entity" vid="2D70D00B-B752-D6CB-089F-88C2C16CBFB4">
<hideElementsInCurrentOnly>false</hideElementsInCurrentOnly>
<bounds x="223" y="376" width="170" height="163"/>
</OView>
<OView class="oracle.dbtools.crest.swingui.logical.TVEntity" oid="169DBF7E-D78E-0A7C-273B-4739EB991E5E" otype="Entity" vid="48638684-73D3-4855-FF52-7A82A04FF2FD">
<hideElementsInCurrentOnly>false</hideElementsInCurrentOnly>
<bounds x="1138" y="750" width="170" height="132"/>
</OView>
<OView class="oracle.dbtools.crest.swingui.logical.TVEntity" oid="16D6FAC9-24F2-F62B-0A26-E10355B85595" otype="Entity" vid="31AD7AEF-6A1D-DBCB-68F5-EB91F77347B2">
<hideElementsInCurrentOnly>false</hideElementsInCurrentOnly>
<bounds x="262" y="864" width="170" height="110"/>
</OView>
<OView class="oracle.dbtools.crest.swingui.logical.TVEntity" oid="1B9CBAAA-8BEA-4F74-660E-4E18ECED8D25" otype="Entity" vid="75517C09-D536-B1D4-7FB9-DFEC411BCF4C">
<hideElementsInCurrentOnly>false</hideElementsInCurrentOnly>
<bounds x="11" y="530" width="170" height="127"/>
</OView>
<OView class="oracle.dbtools.crest.swingui.logical.TVEntity" oid="39B29549-30D1-434B-FA91-AB5ADC72A062" otype="Entity" vid="CF578308-B5DB-76C4-7AB3-0895604BD20B">
<hideElementsInCurrentOnly>false</hideElementsInCurrentOnly>
<bounds x="861" y="208" width="170" height="110"/>
</OView>
<OView class="oracle.dbtools.crest.swingui.logical.TVEntity" oid="3ABD4730-0510-B246-4B03-E19B7AE72CD2" otype="Entity" vid="DF891790-D410-38BE-87A3-05461A411A5C">
<hideElementsInCurrentOnly>false</hideElementsInCurrentOnly>
<bounds x="448" y="83" width="170" height="125"/>
</OView>
<OView class="oracle.dbtools.crest.swingui.logical.TVEntity" oid="3CF022A9-460C-7144-8E20-087DAEF9FEF1" otype="Entity" vid="6A8B7D34-73D1-AD59-A518-C4E540DFDF0A">
<hideElementsInCurrentOnly>false</hideElementsInCurrentOnly>
<bounds x="229" y="83" width="170" height="110"/>
</OView>
<OView class="oracle.dbtools.crest.swingui.logical.TVEntity" oid="72011093-BD67-CE2E-B6F7-F49A3E0BCB65" otype="Entity" vid="6103D6C6-4BA9-B581-0F0A-946D1CBF95D8">
<hideElementsInCurrentOnly>false</hideElementsInCurrentOnly>
<bounds x="469" y="722" width="170" height="129"/>
</OView>
<OView class="oracle.dbtools.crest.swingui.logical.TVEntity" oid="766A2723-2721-82CE-4A58-EB278901F9CC" otype="Entity" vid="E00CF93C-0D92-6950-72A4-826DB450FCE1">
<hideElementsInCurrentOnly>false</hideElementsInCurrentOnly>
<bounds x="645" y="0" width="170" height="110"/>
</OView>
<OView class="oracle.dbtools.crest.swingui.logical.TVEntity" oid="7AFECDC5-78DF-A4A2-75C0-1DE381C53298" otype="Entity" vid="032FF97B-132C-3366-5EA2-00B131B79536">
<hideElementsInCurrentOnly>false</hideElementsInCurrentOnly>
<bounds x="954" y="508" width="170" height="135"/>
</OView>
<OView class="oracle.dbtools.crest.swingui.logical.TVEntity" oid="85A1A77B-F486-7EFC-BEFF-CC8DD409A977" otype="Entity" vid="646E063F-C165-40D7-A0EB-9C93F43CF0E3">
<hideElementsInCurrentOnly>false</hideElementsInCurrentOnly>
<bounds x="1" y="342" width="170" height="110"/>
</OView>
<OView class="oracle.dbtools.crest.swingui.logical.TVEntity" oid="AB83956C-BA68-034A-E0F4-498A1C5D1DA7" otype="Entity" vid="6A1F17F1-4D87-13A0-8298-C136EF1351C7">
<hideElementsInCurrentOnly>false</hideElementsInCurrentOnly>
<bounds x="10" y="18" width="170" height="110"/>
</OView>
<OView class="oracle.dbtools.crest.swingui.logical.TVEntity" oid="BA1B3B1E-D04E-530E-50D0-0877161C1D8B" otype="Entity" vid="93585311-29C5-40F1-0C90-73F55D63217C">
<hideElementsInCurrentOnly>false</hideElementsInCurrentOnly>
<bounds x="652" y="201" width="170" height="122"/>
</OView>
<OView class="oracle.dbtools.crest.swingui.logical.TVEntity" oid="CC7265D0-25C9-4D07-041F-5EBD813D2E0E" otype="Entity" vid="3626EBE6-9B0A-16DA-7620-64E23ACEDF77">
<hideElementsInCurrentOnly>false</hideElementsInCurrentOnly>
<bounds x="939" y="1" width="170" height="110"/>
</OView>
<OView class="oracle.dbtools.crest.swingui.logical.TVEntity" oid="CFC215EB-66FE-86CC-FBE8-8F7D6DBA3935" otype="Entity" vid="72EB7B2C-D1DF-CF64-756F-7A4E8E4F2B5C">
<hideElementsInCurrentOnly>false</hideElementsInCurrentOnly>
<bounds x="458" y="461" width="170" height="224"/>
</OView>
<OView class="oracle.dbtools.crest.swingui.logical.TVEntity" oid="F68AB387-27E8-D0E9-4898-9C23BDDE6411" otype="Entity" vid="B2C792A1-FB39-1C70-F46F-E118FE8D4439">
<hideElementsInCurrentOnly>false</hideElementsInCurrentOnly>
<bounds x="907" y="350" width="170" height="110"/>
</OView>
<OView class="oracle.dbtools.crest.swingui.logical.TVEntity" oid="F7659DB8-7F6C-D1C9-54BA-A76AD0DB4D08" otype="Entity" vid="72D106DE-72C9-1463-E35E-08B9340AF20B">
<hideElementsInCurrentOnly>false</hideElementsInCurrentOnly>
<bounds x="11" y="739" width="170" height="164"/>
</OView>
</objectViews>
<connectors>
<Connector class="oracle.dbtools.crest.swingui.logical.TVRelation" oid="25CA7E14-572D-425D-3545-F14436A5BD59" otype="Relation" vid_source="6103D6C6-4BA9-B581-0F0A-946D1CBF95D8" vid_target="72EB7B2C-D1DF-CF64-756F-7A4E8E4F2B5C">
<hideElementsInCurrentOnly>false</hideElementsInCurrentOnly>
<backgroundColor>-16777216</backgroundColor>
<lineWidth>1</lineWidth>
<points>
<point x="548" y="722"/>
<point x="548" y="685"/>
</points>
</Connector>
<Connector class="oracle.dbtools.crest.swingui.logical.TVRelation" oid="30902154-4174-00B8-A506-97CEA19C7778" otype="Relation" vid_source="1CE6204D-A9DE-5E71-C16F-5DCD83E19E1C" vid_target="72EB7B2C-D1DF-CF64-756F-7A4E8E4F2B5C">
<hideElementsInCurrentOnly>false</hideElementsInCurrentOnly>
<backgroundColor>-16777216</backgroundColor>
<lineWidth>1</lineWidth>
<points>
<point x="677" y="568"/>
<point x="628" y="568"/>
</points>
</Connector>
<Connector class="oracle.dbtools.crest.swingui.logical.TVRelation" oid="37921920-3F19-74A0-FB7A-BAB94366ADF7" otype="Relation" vid_source="31AD7AEF-6A1D-DBCB-68F5-EB91F77347B2" vid_target="72D106DE-72C9-1463-E35E-08B9340AF20B">
<hideElementsInCurrentOnly>false</hideElementsInCurrentOnly>
<backgroundColor>-16777216</backgroundColor>
<lineWidth>1</lineWidth>
<points>
<point x="262" y="883"/>
<point x="181" y="883"/>
</points>
</Connector>
<Connector class="oracle.dbtools.crest.swingui.logical.TVRelation" oid="3A1704F9-B512-D0BA-85D3-38A9C15037B2" otype="Relation" vid_source="6A8B7D34-73D1-AD59-A518-C4E540DFDF0A" vid_target="DF891790-D410-38BE-87A3-05461A411A5C">
<hideElementsInCurrentOnly>false</hideElementsInCurrentOnly>
<backgroundColor>-16777216</backgroundColor>
<lineWidth>1</lineWidth>
<points>
<point x="399" y="138"/>
<point x="448" y="138"/>
</points>
</Connector>
<Connector class="oracle.dbtools.crest.swingui.logical.TVRelation" oid="565F389B-AADD-44F1-F03E-AEFFC8A9A216" otype="Relation" vid_source="2D70D00B-B752-D6CB-089F-88C2C16CBFB4" vid_target="72EB7B2C-D1DF-CF64-756F-7A4E8E4F2B5C">
<hideElementsInCurrentOnly>false</hideElementsInCurrentOnly>
<backgroundColor>-16777216</backgroundColor>
<lineWidth>1</lineWidth>
<points>
<point x="393" y="500"/>
<point x="458" y="500"/>
</points>
</Connector>
<Connector class="oracle.dbtools.crest.swingui.logical.TVRelation" oid="6315DAE7-8F02-8E82-51FF-3369A4ECD53B" otype="Relation" vid_source="1CE6204D-A9DE-5E71-C16F-5DCD83E19E1C" vid_target="93585311-29C5-40F1-0C90-73F55D63217C">
<hideElementsInCurrentOnly>false</hideElementsInCurrentOnly>
<backgroundColor>-16777216</backgroundColor>
<lineWidth>1</lineWidth>
<points>
<point x="749" y="468"/>
<point x="749" y="323"/>
</points>
</Connector>
<Connector class="oracle.dbtools.crest.swingui.logical.TVRelation" oid="7124CB19-9E25-5EF0-07ED-1D488F25267D" otype="Relation" vid_source="75517C09-D536-B1D4-7FB9-DFEC411BCF4C" vid_target="2D70D00B-B752-D6CB-089F-88C2C16CBFB4">
<hideElementsInCurrentOnly>false</hideElementsInCurrentOnly>
<backgroundColor>-16777216</backgroundColor>
<lineWidth>1</lineWidth>
<points>
<point x="181" y="534"/>
<point x="223" y="534"/>
</points>
</Connector>
<Connector class="oracle.dbtools.crest.swingui.logical.TVRelation" oid="811E78C8-B961-3F56-0858-F2EA9D0F7500" otype="Relation" vid_source="48638684-73D3-4855-FF52-7A82A04FF2FD" vid_target="1CE6204D-A9DE-5E71-C16F-5DCD83E19E1C">
<hideElementsInCurrentOnly>false</hideElementsInCurrentOnly>
<backgroundColor>-16777216</backgroundColor>
<lineWidth>1</lineWidth>
<points>
<point x="1138" y="770"/>
<point x="847" y="614"/>
</points>
</Connector>
<Connector class="oracle.dbtools.crest.swingui.logical.TVRelation" oid="90C3CFB9-1195-DA9B-BC72-CA36FC717D7F" otype="Relation" vid_source="48638684-73D3-4855-FF52-7A82A04FF2FD" vid_target="31AD7AEF-6A1D-DBCB-68F5-EB91F77347B2">
<hideElementsInCurrentOnly>false</hideElementsInCurrentOnly>
<backgroundColor>-16777216</backgroundColor>
<lineWidth>1</lineWidth>
<points>
<point x="1138" y="873"/>
<point x="432" y="873"/>
</points>
</Connector>
<Connector class="oracle.dbtools.crest.swingui.logical.TVRelation" oid="9C9A7D0A-4CFD-3914-4C7C-871315231CAD" otype="Relation" vid_source="3626EBE6-9B0A-16DA-7620-64E23ACEDF77" vid_target="E00CF93C-0D92-6950-72A4-826DB450FCE1">
<hideElementsInCurrentOnly>false</hideElementsInCurrentOnly>
<backgroundColor>-16777216</backgroundColor>
<lineWidth>1</lineWidth>
<points>
<point x="939" y="55"/>
<point x="815" y="55"/>
</points>
</Connector>
<Connector class="oracle.dbtools.crest.swingui.logical.TVRelation" oid="A8E945A9-31A2-3430-217E-2F199AD9A500" otype="Relation" vid_source="CF578308-B5DB-76C4-7AB3-0895604BD20B" vid_target="B2C792A1-FB39-1C70-F46F-E118FE8D4439">
<hideElementsInCurrentOnly>false</hideElementsInCurrentOnly>
<backgroundColor>-16777216</backgroundColor>
<lineWidth>1</lineWidth>
<points>
<point x="969" y="318"/>
<point x="969" y="350"/>
</points>
</Connector>
<Connector class="oracle.dbtools.crest.swingui.logical.TVRelation" oid="BD381D97-75F0-E494-DCA8-83A0B4E8D27B" otype="Relation" vid_source="48638684-73D3-4855-FF52-7A82A04FF2FD" vid_target="6103D6C6-4BA9-B581-0F0A-946D1CBF95D8">
<hideElementsInCurrentOnly>false</hideElementsInCurrentOnly>
<backgroundColor>-16777216</backgroundColor>
<lineWidth>1</lineWidth>
<points>
<point x="1138" y="800"/>
<point x="639" y="800"/>
</points>
</Connector>
<Connector class="oracle.dbtools.crest.swingui.logical.TVRelation" oid="C937EE7E-2EAB-1AF3-B603-DCAF9C26ED48" otype="Relation" vid_source="B2C792A1-FB39-1C70-F46F-E118FE8D4439" vid_target="032FF97B-132C-3366-5EA2-00B131B79536">
<hideElementsInCurrentOnly>false</hideElementsInCurrentOnly>
<backgroundColor>-16777216</backgroundColor>
<lineWidth>1</lineWidth>
<points>
<point x="1015" y="460"/>
<point x="1015" y="508"/>
</points>
</Connector>
<Connector class="oracle.dbtools.crest.swingui.logical.TVRelation" oid="C9D8FDC6-83CF-73D2-B34A-8902AE89D4DB" otype="Relation" vid_source="DF891790-D410-38BE-87A3-05461A411A5C" vid_target="1CE6204D-A9DE-5E71-C16F-5DCD83E19E1C">
<hideElementsInCurrentOnly>false</hideElementsInCurrentOnly>
<backgroundColor>-16777216</backgroundColor>
<lineWidth>1</lineWidth>
<points>
<point x="566" y="208"/>
<point x="707" y="468"/>
</points>
</Connector>
<Connector class="oracle.dbtools.crest.swingui.logical.TVRelation" oid="CF9B3937-DBCB-8977-0A7B-34A6FE8F7C37" otype="Relation" vid_source="48638684-73D3-4855-FF52-7A82A04FF2FD" vid_target="3626EBE6-9B0A-16DA-7620-64E23ACEDF77">
<hideElementsInCurrentOnly>false</hideElementsInCurrentOnly>
<backgroundColor>-16777216</backgroundColor>
<lineWidth>1</lineWidth>
<points>
<point x="1205" y="750"/>
<point x="1038" y="111"/>
</points>
</Connector>
<Connector class="oracle.dbtools.crest.swingui.logical.TVRelation" oid="CFB7F88C-279B-A8C7-4F8C-44095C3B0985" otype="Relation" vid_source="75517C09-D536-B1D4-7FB9-DFEC411BCF4C" vid_target="72D106DE-72C9-1463-E35E-08B9340AF20B">
<hideElementsInCurrentOnly>false</hideElementsInCurrentOnly>
<backgroundColor>-16777216</backgroundColor>
<lineWidth>1</lineWidth>
<points>
<point x="96" y="657"/>
<point x="96" y="739"/>
</points>
</Connector>
<Connector class="oracle.dbtools.crest.swingui.logical.TVRelation" oid="D64B402D-BD4D-8777-25EB-11445085EE62" otype="Relation" vid_source="6A1F17F1-4D87-13A0-8298-C136EF1351C7" vid_target="646E063F-C165-40D7-A0EB-9C93F43CF0E3">
<hideElementsInCurrentOnly>false</hideElementsInCurrentOnly>
<backgroundColor>-16777216</backgroundColor>
<lineWidth>1</lineWidth>
<points>
<point x="75" y="128"/>
<point x="75" y="342"/>
</points>
</Connector>
<Connector class="oracle.dbtools.crest.swingui.logical.TVRelation" oid="E2FB007E-DADC-3F39-0F30-D2333E821B88" otype="Relation" vid_source="E00CF93C-0D92-6950-72A4-826DB450FCE1" vid_target="93585311-29C5-40F1-0C90-73F55D63217C">
<hideElementsInCurrentOnly>false</hideElementsInCurrentOnly>
<backgroundColor>-16777216</backgroundColor>
<lineWidth>1</lineWidth>
<points>
<point x="733" y="110"/>
<point x="733" y="201"/>
</points>
</Connector>
<Connector class="oracle.dbtools.crest.swingui.logical.TVRelation" oid="ECB3FBC0-FE7C-8949-0F91-84837971CF26" otype="Relation" vid_source="31AD7AEF-6A1D-DBCB-68F5-EB91F77347B2" vid_target="75517C09-D536-B1D4-7FB9-DFEC411BCF4C">
<hideElementsInCurrentOnly>false</hideElementsInCurrentOnly>
<backgroundColor>-16777216</backgroundColor>
<lineWidth>1</lineWidth>
<points>
<point x="304" y="864"/>
<point x="114" y="657"/>
</points>
</Connector>
<Connector class="oracle.dbtools.crest.swingui.logical.TVRelation" oid="F5E7E876-18A3-003C-6BE5-B17FFF0ED3C8" otype="Relation" vid_source="75517C09-D536-B1D4-7FB9-DFEC411BCF4C" vid_target="646E063F-C165-40D7-A0EB-9C93F43CF0E3">
<hideElementsInCurrentOnly>false</hideElementsInCurrentOnly>
<backgroundColor>-16777216</backgroundColor>
<lineWidth>1</lineWidth>
<points>
<point x="106" y="530"/>
<point x="106" y="452"/>
</points>
</Connector>
<Connector class="oracle.dbtools.crest.swingui.logical.TVRelation" oid="F735E515-8165-EC2F-F325-7E5D18ED2DC2" otype="Relation" vid_source="032FF97B-132C-3366-5EA2-00B131B79536" vid_target="48638684-73D3-4855-FF52-7A82A04FF2FD">
<hideElementsInCurrentOnly>false</hideElementsInCurrentOnly>
<backgroundColor>-16777216</backgroundColor>
<lineWidth>1</lineWidth>
<points>
<point x="1090" y="643"/>
<point x="1172" y="750"/>
</points>
</Connector>
</connectors>
</Diagram>